Gene	Score
ANKLE1	0.004273504273504274
HLA-C	0.004211375667788406
HLA-DRB1	0.0038720130989384153
HLA-B	0.0038294488221021334
HLA-DQB1	0.003804678688871713
HLA-DRA	0.0037978927962415304
CHRNA3	0.003681833946620138
BRCA2	0.0036816097567082813
HLA-DQA1	0.0036743118569063605
ABHD8	0.0036324786324786326
CHRNB4	0.0036200317212401797
TOX3	0.003611670443389711
HLA-DOB	0.0035824482666050707
HLA-A	0.003579008618183163
HLA-DQA2	0.003560807003663624
HLA-DPB1	0.003559620742496099
MYNN	0.003544842282999466
BTN3A2	0.0035284981236771854
BTN3A1	0.003513031440486312
CHRNA5	0.0034995180081950437
TERT	0.0034781830865396822
BTN3A3	0.003467619877554945
HYKK	0.003443443980581062
CHRNA4	0.003442264243175397
CDKN2A	0.00342021831928895
PSMA4	0.003416112137959592
ATM	0.003408839061415194
ACTRT3	0.003391769515317842
MTAP	0.003360224231470615
HLA-DQB2	0.003356774018093628
HLA-F	0.003345909078220022
HLA-E	0.003345444663166751
FGFR2	0.003339967388535263
CYP2A6	0.0033376764265268793
ASIP	0.0033268861301956245
HLA-G	0.0033025159125394726
CHRNA2	0.003293493206844478
ESR1	0.00329290750498844
MXRA8	0.0032873168029914535
RCCD1	0.0032873168029914535
LMAN1L	0.0032873168029914535
RGS22	0.0032873168029914535
ZNF165	0.0032873168029914535
SP4	0.0032873168029914535
JRK	0.0032873168029914535
PRSS16	0.0032873168029914535
MPZL3	0.0032873168029914535
GRHL2	0.0032873168029914535
LUZP2	0.0032873168029914535
TTC33	0.0032873168029914535
PALM	0.0032873168029914535
SLC17A4	0.0032873168029914535
JAML	0.0032873168029914535
SCYL2	0.0032873168029914535
CA10	0.0032873168029914535
ATP8B4	0.0032873168029914535
GIPC2	0.0032873168029914535
FAM227B	0.0032873168029914535
OR2B6	0.003287316802991453
OR2B2	0.003287316802991453
OR4B1	0.003287316802991453
TNFRSF19	0.003272997431168223
MIPEP	0.0032594512632082295
ATRN	0.0032542506118347675
ERC1	0.0032510136953351476
TET2	0.0032474218380804712
CCDC170	0.0032399205310359295
ADAMTS7	0.0032291211950543196
EPHX2	0.0032229874392874724
USHBP1	0.003221711231852631
CDCA7	0.003221711231852631
BTNL2	0.003220334845813292
TP53BP1	0.003215416136959817
H2AC6	0.0032143622972573703
NR1H4	0.0032143026311144073
ZKSCAN3	0.0032109560637839938
MAP3K1	0.003210522015551271
RAD51B	0.0032083629095561463
CHEK2	0.0032071332165111844
CDKN2B	0.0032060791917327166
BTN2A1	0.0032047526151332637
NRSN1	0.003200421947938368
XXYLT1	0.003200421947938368
MORN5	0.003200421947938368
H4C8	0.0031992402821223237
PGBD1	0.0031973779797875414
TRIM38	0.003193417428794834
SCGN	0.003186343801088168
NEK10	0.0031858898671787137
CLPTM1L	0.00318569577501784
PSCA	0.0031820509712750158
HSPA4	0.0031798257223405496
MRTFA	0.003179423730165119
RNASET2	0.003179364681997908
ZMIZ1	0.0031758662115639194
CYP1A2	0.003172642916994419
CYP8B1	0.003168697852738261
DSP	0.003166162137857539
TRIM26	0.0031626867236201842
RALY	0.0031623292834448025
STING1	0.003161351101328886
SLC44A4	0.0031586770781492058
POM121L2	0.0031586770781492058
DTWD1	0.0031586770781492058
LCORL	0.0031586118365405902
MSH5	0.0031567986025098724
PLEKHG6	0.003156359350251397
KRT8	0.0031563593257827043
DAB2IP	0.003155882542732696
FOXP4	0.0031557643856933255
DLC1	0.0031544134010761727
MDM4	0.0031503857903688224
VPS13B	0.0031477307886848428
MYEOV	0.0031475530446423705
DVL1	0.00314674106143385
MACROD2	0.003145752682094194
PTPRJ	0.0031448335122748945
TET3	0.0031444483204602375
STARD13	0.0031438528444418857
PMS1	0.003143697671889288
FGF7	0.0031435540516151278
BAG6	0.0031434860229810303
AQP7	0.003140624843284103
TRIM39-RPP21	0.003140378176923077
BPTF	0.0031389556193464514
TGM3	0.00313517111132714
ADAR	0.00313508604161213
RTEL1	0.003133658015905863
DDR1	0.003133236501761397
TRIM46	0.00313070831571997
WNT4	0.003126071847019057
LY6K	0.003119835883393334
SEMA6D	0.003119574112337257
AQP3	0.003119204541453224
WNK1	0.0031179003578934122
GALK2	0.003115097102948886
IGF2BP2	0.0031114929049299613
PTPRA	0.0031113624035763975
DNAJB4	0.0031096346477209164
BAZ1A	0.0031090320199024303
SMIM38	0.0031080031081196584
PPP1R18	0.0031080031081196584
GPR37	0.003105065802348157
PTK2B	0.003104960106212409
H2BC6	0.0031041478018632245
TP63	0.003102517389679813
PDE4D	0.0030985667971413266
RIN3	0.003098328358713165
MICA	0.003096931994811795
ROS1	0.0030965866510031218
STN1	0.0030964642824311277
POT1	0.003096423774202418
AZGP1	0.0030943002797281963
HCN1	0.003093861537810164
GAREM1	0.003091887630803106
POU5F1B	0.00308901447359079
HNF1B	0.003088612119642615
MOG	0.003087854344139671
TNXB	0.0030875985716480644
FADS2	0.0030875933562337448
ZBED9	0.0030872464800786687
SLC30A1	0.0030860769235602587
NEU1	0.003086044192776368
RAD52	0.0030858711192459608
AK5	0.003084892837669752
DTNB	0.003084618943590104
FADS1	0.0030832430590040497
TRIP13	0.0030829084926023527
SFTPB	0.00308273250603271
ZBTB46	0.003082022613149503
BABAM1	0.0030790520890351487
SMAD7	0.0030773291904149023
MMS22L	0.0030762240950631173
SLK	0.003075570034622608
GSPT1	0.0030750650891927774
IRF4	0.003073572073663784
KIF20B	0.003073416112555733
MORF4L1	0.0030709601849077915
STAT1	0.0030705643208927998
INPP1	0.00306907793398976
XCL2	0.003067081091505196
PDS5B	0.003065149634006164
RFX7	0.0030646093319226216
CYP1A1	0.0030632852695864393
MUC21	0.003062007140589478
PRMT6	0.0030619670333921884
HIBCH	0.003061150773707185
NOTCH4	0.0030600935761248616
LRFN2	0.0030600387140136943
PYCR1	0.0030593452214610255
ZSCAN23	0.0030586281384745637
EPHA4	0.0030584136914493425
JADE2	0.003058226117630439
KCNQ1	0.0030578654368457942
GABBR1	0.003057574062510469
APOM	0.0030575285014580633
PSORS1C1	0.0030572236290935736
MTMR3	0.0030531465173901508
GPX6	0.003049771245282262
PLCL1	0.0030497166173537914
VWF	0.003048321066748384
GNL1	0.0030482485367908222
ACKR2	0.0030479062720261355
GCLC	0.003045972640531552
IL17RC	0.0030447919965714645
SLC17A8	0.00304449830060396
NRG1	0.0030440270437560595
TNS3	0.0030423153895340607
NAV1	0.003042164866764889
PIK3CB	0.0030411422774488375
ACVR1B	0.0030402827280256125
PDGFC	0.003038465558789974
RD3	0.0030366786347586195
CASP8	0.0030339238515508936
AFTPH	0.003033228875939565
ABT1	0.0030330105296138754
HMGN4	0.0030325733607608203
C6orf15	0.0030324536922305603
RFC3	0.0030322438336080823
GTF2H4	0.0030318220269345605
DNAH11	0.0030314748459371933
LPIN2	0.003031398947203767
MRPS30	0.0030309999171636176
ZNRD1	0.003029641937007076
VARS2	0.003029577127397258
COPS2	0.003029577127397258
RPP21	0.003029098022643226
COX6C	0.0030287942909302144
ACTR2	0.0030287942909302144
VTI1A	0.0030287942909302144
SEPTIN7	0.0030287942909302144
STT3A	0.0030287942909302144
NAF1	0.003027464801479873
MUC22	0.0030241630171393475
GNAL	0.0029585624115384622
RAB6A	0.0010418491160456714
BRCA1	0.0009930052133793371
FLOT2	0.0009861874705128207
MCFD2	0.0009861874705128207
CLINT1	0.0009861874705128207
GAS2	0.0009861874705128207
KDM8	0.0009861874705128207
FAM20A	0.0009861874705128207
SMAD3	0.0009861874705128207
SLC34A1	0.0009861874705128207
ME2	0.0009861874705128207
LRRIQ3	0.0009861874705128207
BSCL2	0.0009861874705128207
FBXO43	0.0009861874705128207
TP53	0.0009344240830976294
RHOA	0.0009147935147587321
HLA-DMA	0.0008517535720348811
CD74	0.0007668521245467399
CD4	0.0007568299373183349
ZSCAN32	0.0007527715114513874
ZSCAN20	0.0007423774049575775
XDH	0.0007411673940143055
PLIN2	0.0007411673940143055
NANOG	0.0007319642082734712
GRB2	0.0007157595672322568
EGFR	0.0007098534326549595
MFGE8	0.0006966972992126422
XCR1	0.000676710233393047
CCND1	0.0006747944654826241
LRRC34	0.0006722667956597224
LRRIQ4	0.0006722667956597224
HLA-DPA1	0.0006511724648597218
HLA-DRB5	0.0006447771501140395
ANKLE2	0.0006410256410256411
HLA-DMB	0.0006398346613429472
CDSN	0.0006308501178338533
SRC	0.0006220961168664067
MUC12	0.0005996838029731827
MUC4	0.0005996838029731827
LSP1	0.000597689862800677
TRIM56	0.0005825963394814069
HLA-DOA	0.000576044840039171
CD86	0.0005574135976775342
CD80	0.0005574135976775342
DTWD2	0.0005574135976775342
POM121C	0.0005574135976775342
TSR3	0.0005574135976775342
POM121	0.0005574135976775342
MC1R	0.0005512987648408784
PTK2	0.0004983845412924209
PREP	0.0004930937352564103
HPS4	0.0004930937352564103
PSMB11	0.0004930937352564103
SH3BP4	0.0004930937352564103
OVOL2	0.0004930937352564103
TMEM30A	0.0004930937352564103
GJA5	0.0004930937352564103
MYO6	0.0004930937352564103
TMEM30B	0.0004930937352564103
ESRP1	0.0004930937352564103
CHRNA9	0.0004919607134033332
SHC1	0.0004906241503314349
CHRNB2	0.000488534353875458
POU5F1	0.00048775099311911864
BATF3	0.0004807591326778318
TAB2	0.0004790119699308141
RHOG	0.00047345368535094574
CTTN	0.0004721327801683847
RAD51	0.00045625044693515995
CDC42	0.00044407757393394944
PHACTR1	0.0004391889977168969
ZKSCAN4	0.000423492637259324
CHRNA1	0.00042316755969513465
TRIM39	0.00042087545726495737
H4C6	0.00041335418214554734
COX11	0.0004031428983768382
SLC4A7	0.00040314289837683814
CTC1	0.00039836518148497237
CDH1	0.00039699619280872807
ZNF397	0.0003936712469577223
MDM2	0.0003916819775678753
TMDD1	0.00038850038846153855
FAM240C	0.0003885003884615385
SMIM28	0.0003885003884615385
PPP1CA	0.0003885003884615385
PPP1CC	0.0003885003884615385
PPP1CB	0.0003885003884615385
B2M	0.00038792061145177375
CDK1	0.00038710651655717016
IRF3	0.0003854994724404754
TBK1	0.0003854994724404754
RFX5	0.00038198887603700546
POGLUT1	0.0003765201337581798
TEKT1	0.0003765201337581798
GXYLT2	0.0003765201337581798
AK9	0.0003765201337581798
RRM1	0.0003765201337581798
C9orf135	0.0003765201337581798
ZNF396	0.0003735026770272432
NCAPG	0.0003709239824541275
KLRD1	0.00036804198490515314
NR5A2	0.0003668095550411633
CHRNA7	0.00035872534160534135
BBOX1	0.0003561253196581197
PRKG1	0.0003561253196581197
PLK1	0.000356067314964488
CCNB2	0.000356067314964488
WRN	0.00035200530172870877
CD8A	0.00034828595491885416
CHRNE	0.0003459624233792022
CHRNB1	0.0003459624233792022
CHRNB3	0.0003459624233792022
CHRND	0.0003459624233792022
DLG4	0.00034459566587687523
PPL	0.00034054460528191354
LILRB1	0.00033935419171578186
ZSCAN21	0.00033912541881644373
RFXANK	0.0003345143765347068
CCDC97	0.0003287291568376069
WDR61	0.0003287291568376069
PHF5A	0.0003287291568376069
CHRNA6	0.0003244656528415627
MEAF6	0.0003240149998392764
FURIN	0.00032291123602553733
COMP	0.00032291123602553733
EGF	0.00032150944900972
JAK2	0.0003213285107798303
F9	0.00032004205804954595
MORN3	0.00032004205804954595
PPEF2	0.00032004205804954595
SUMO1	0.0003192237048803085
ANKRA2	0.00031919389480530164
ITGB1	0.00031891420398636367
KIF23	0.00031789742944063164
CYP3A4	0.00031273095765903063
HCN4	0.0003111145690082881
HCN3	0.0003111145690082881
BCAR1	0.0003110574920022152
ZNF24	0.00030439043848942216
PRMT5	0.00030418510677745575
DKC1	0.00030363477335981033
LILRB2	0.0003032544404540712
NHP2	0.00029944957733566183
PXN	0.000299232281853327
TERF1	0.00029813267099393457
TINF2	0.00029813267099393457
ING3	0.000295223121945127
RHOC	0.00029437994169066847
NUF2	0.0002934651479026544
ZNF232	0.00029322130091810215
KIR3DL2	0.00029177519314755836
H3C12	0.00029015016758746065
ARMT1	0.00028587537936125627
RMND1	0.00028587537936125627
KLRK1	0.0002852379932262047
BTD	0.0002842684445832082
MCCC2	0.0002842684445832082
HELLS	0.0002842684445832082
ZBTB24	0.0002842684445832082
CCL5	0.00028110281557518034
KLK3	0.0002796832943221764
HCN2	0.00027870679883876715
PEX5L	0.00027870679883876715
CCL21	0.0002785732474992862
ATR	0.00027843798012364
H3C13	0.00027790555422577693
ZNF444	0.00027608951441443757
MAG	0.00027570802007314746
FANCM	0.0002751814864117872
UGT1A8	0.00027197025456802694
SUMO2	0.0002701122321314103
AR	0.0002701122321314103
CYP2B6	0.0002691148334473528
STAT3	0.0002687106626067981
MSH6	0.00026757121277211924
MSH2	0.00026757121277211924
OARD1	0.00026643838813861936
RIOK2	0.00026586315737179493
MDC1	0.0002657716694929389
TGFBR1	0.00026557443333495015
RPA1	0.00026441734329846374
SETD1A	0.00026416692734074275
ITGB3	0.00026238739796098594
KIR3DL1	0.00026060597106162506
UGT1A10	0.00025880549048767074
UGT1A4	0.00025880549048767074
UGT1A6	0.00025880549048767074
UGT1A7	0.00025880549048767074
SCD	0.0002562552078914597
RPL5	0.0002556700685145281
AQP12A	0.00025471090927470155
AQP11	0.00025471090927470155
RASA1	0.0002525839063428331
HNRNPC	0.00025226803575657846
RPA3	0.0002518782512363191
MTX1	0.00025185586483262803
THBS3	0.00025185586483262803
NR0B2	0.0002508589120378673
KLRC1	0.0002504404819272411
TRAF2	0.00025004224453982905
APRT	0.0002497463881294509
MLH1	0.0002494323149534205
AKT1	0.0002472318711201924
APOH	0.0002468095013666051
CXADR	0.00024654686762820517
ZDHHC8	0.00024654686762820517
ZDHHC13	0.00024654686762820517
ZDHHC17	0.00024654686762820517
SYT7	0.00024654686762820517
CD28	0.00024654686762820517
PLXNB2	0.00024654686762820517
ENSP00000482263	0.00024654686762820517
H3-3B	0.00024634900567679837
IL17A	0.00024557073132153173
DAP3	0.00024385445605927108
MRPS9	0.00024385445605927108
RPP30	0.00024380506628860036
POP1	0.00024380506628860033
HSP90AA1	0.0002437349021473398
POLR2K	0.00024337414908359107
POLR2F	0.00024337414908359107
INPP4B	0.0002432950058232218
INPP4A	0.0002432950058232218
ZNHIT1	0.00024299403402694376
RPS3	0.0002426227200294606
USH1C	0.00024162807624261324
CDCA2	0.00024162807624261324
MMRN2	0.00024162807624261324
YWHAZ	0.00024162807624261324
CD209	0.00024035635111498293
TET1	0.0002401250277874295
NME8	0.00023961734548709433
MLH3	0.00023954866239182942
GSS	0.00023919873560135035
EPHX1	0.00023895304632815686
NOTCH1	0.0002381898927972256
AQP2	0.00023796643286645578
GRIN2A	0.000237913250377919
DLG3	0.000237913250377919
DLG1	0.000237913250377919
GRIN1	0.000237913250377919
PPP1R11	0.00023720136093059626
TRAT1	0.00023720136093059626
PMS2	0.0002369466214354372
RPS15	0.00023679797257466806
DNMT3B	0.0002354681610527684
TAPBP	0.00023540757236852685
COL1A1	0.00023499277013148596
COL3A1	0.00023499277013148596
COL5A1	0.00023499277013148596
KDR	0.00023403681081629517
PARG	0.0002319200245088305
ADPRHL2	0.0002319200245088305
H4C5	0.0002313313106802168
UPF1	0.00023131794128096982
GSK3B	0.00023079373325763858
AXIN1	0.00023079373325763858
MC4R	0.0002302011283176854
DHX9	0.00022931076917483324
RIPK1	0.00022925301793512952
MSH4	0.000229075075662163
GBA	0.0002256208686561176
MUC1	0.0002256208686561176
ATF7IP	0.000224872674891528
DMRT1	0.000224872674891528
RNASE2	0.00022442571951308607
ANG	0.00022442571951308607
JAG2	0.00022431156706564454
MIP	0.0002239420810181903
TRAF6	0.00022379347674654623
IKBKG	0.0002225307677798934
H3C4	0.0002225291175323532
SMARCA5	0.0002219879340504196
SMARCA1	0.0002219879340504196
DCK	0.00022197687384814806
ADK	0.00022197687384814806
CYP27A1	0.00022118176505261616
DCAF16	0.00022087754695957398
FAM184B	0.00022087754695957398
MRE11	0.0002207397119551067
NBN	0.00022073971195510665
DNMT3A	0.00022060039812086098
KRT18	0.00021996276895414074
PTS	0.0002195042261724882
H2AC18	0.00021851018822321996
ERCC3	0.00021796064126060173
H2BC4	0.0002177767992092349
AQP1	0.00021709675339652066
ELOVL2	0.00021490680134960595
AQP5	0.00021374351835365423
AQP8	0.00021374351835365423
HSPA8	0.00021349768961314867
CDK4	0.00021222411145607867
FOXP3	0.000211559617252636
FOXP2	0.00021155961725263597
RBBP4	0.00021026038295890697
H4C4	0.0002099709137755006
MYC	0.00020942705829402378
PARP10	0.00020872801274698943
GK2	0.00020866097512734202
GK	0.00020866097512734202
TNFRSF25	0.0002078088368321952
GALE	0.00020675906028510809
IKBKB	0.0002057215491782009
CHUK	0.0002057215491782009
NCOA1	0.00020482843449382666
BAZ1B	0.00020470872722962204
RSF1	0.00020470872722962204
FGFR1OP	0.000204216182768149
CGAS	0.0002040255931104951
HBS1L	0.00020371572025485135
HBG2	0.00020371572025485135
HBG1	0.00020371572025485135
NEDD4L	0.0002016268570433299
KRT19	0.00020027702608558273
H2AC13	0.00019982450919041634
H2BC10	0.00019982450919041634
H2AC17	0.00019982450919041634
H2BC7	0.00019982450919041634
NT5E	0.0001994098062798133
NCOR1	0.00019853287169972547
CDK6	0.0001983324213543426
KIR2DL3	0.00019830152298429867
KIR2DL1	0.00019830152298429865
CECR2	0.00019827592170043953
KAT7	0.00019790393662382148
IREB2	0.00019745137953105778
DNMT1	0.00019541272925873836
CDKN1B	0.0001953961127784315
CDKN1A	0.00019539611277843145
FGFR1	0.00019502735973454208
CD247	0.00019468965274034797
ABCB11	0.00019419659283677486
CALR	0.00019396761947092057
SFRP1	0.00019380612808451184
ANXA11	0.000193220092936654
STUB1	0.00019262574808760129
C17orf49	0.00019225613860470472
PPARGC1A	0.00019225598411163974
CCND2	0.00019213722167251655
ELOVL5	0.00019211387011015826
TERF2	0.00019210048152960968
KRAS	0.00019188418545369897
SPI1	0.00019136476741984162
ULBP1	0.00019132450642907097
ULBP2	0.00019132450642907097
MICB	0.00019132450642907097
RNASEH2A	0.00019114174529561733
RNASE6	0.00019076180560659555
RNASE1	0.00019076180560659555
CYP4A11	0.0001900969938492968
FOXP1	0.00018952213473943239
FOXP1-2	0.00018952213473943239
PLAG1	0.0001895166653678814
CTBP1	0.0001895166653678814
RPS27A	0.00018921116606402183
FLRT3	0.00018874514150681057
TM4SF1	0.00018799419057741456
KRTCAP2	0.00018784249080681302
PLXNA1	0.00018737566228577658
TDG	0.00018691237885490593
ING5	0.00018690370085050289
ING4	0.00018690370085050289
NCOA2	0.00018658795798368868
NOP10	0.00018568408600932199
TERF2IP	0.00018546932684312915
ACD	0.0001854042311170303
XRCC6	0.0001854042311170303
GALM	0.00018445347755617066
WRAP53	0.00018416548380536458
HSPA1A	0.0001838188786663171
HSPA6	0.0001838188786663171
DNAJB5	0.0001838188786663171
HSPA1B	0.0001838188786663171
HSPA1L	0.0001838188786663171
HSPH1	0.0001838188786663171
HSPA5	0.0001838188786663171
CCND3	0.00018369630423378778
SNAP25	0.00018301535301037445
KLRC2	0.00018230755078515597
CTNNB1	0.00018226714684427422
IGHV3-16	0.0001821724846200886
IGHV3-43D	0.0001821724846200886
FGFR3	0.00018153340516038059
OGT	0.00018077400419341206
RAD51C	0.0001806662024505441
PTPN22	0.00018053633034872257
LOC102723407	0.0001798765777454529
LYNX1	0.00017927230955116862
LY6H	0.00017927230955116862
GAR1	0.00017902755928608934
BARD1	0.0001790081219131239
CYP7A1	0.00017788002109104305
SLC10A1	0.0001758984240029262
MGRN1	0.00017574655751934697
KL	0.00017446828305613807
TNFRSF10A	0.00017417143379721813
RPA2	0.00017366703390032882
XRCC3	0.00017348706361680025
CLEC4G	0.00017338096975879583
FGF2	0.00017321337368842956
UBC	0.00017285678736011793
FYN	0.00017075624739802895
MSLN	0.0001704127862840464
CEACAM5	0.00017019587080702173
FOLH1	0.00017019587080702173
CYP2E1	0.00016964397954195382
GALT	0.00016746953033571998
IL11RA	0.00016746953033571998
KLB	0.0001661885923558332
SFTPC	0.00016311672819797156
FXN	0.000162972551724454
XPNPEP3	0.000162972551724454
MAVS	0.00016270232984043218
MAPK1	0.00016141153541013225
CROCC	0.00016065595677808138
MLF2	0.00016065595677808138
LYPD2	0.00016059810196166637
SLURP1	0.00016059810196166637
AQP10	0.00015972434813859248
LOR	0.00015868057230968707
SCAND1	0.00015860809870562784
HAND2	0.00015778819191340586
HAND1	0.00015778819191340586
MUC15	0.0001576838479166697
MUC19	0.0001576838479166697
MUC13	0.0001576838479166697
MUC3A	0.0001576838479166697
MUC17	0.0001576838479166697
MUC7	0.0001576838479166697
MUC5B	0.0001576838479166697
MUC20	0.0001576838479166697
RSPH3	0.00015719261164073942
CNNM2	0.00015719261164073942
ANKRD46	0.00015704253093816852
MAPK14	0.00015685519068214376
PALB2	0.0001567695770140172
DDX58	0.00015606583450785295
IL1F10	0.0001549866814352781
KPNA7	0.0001549866814352781
G3V4G9_HUMAN	0.00015490931239193898
SNAP23	0.00015485905930997363
DOC2A	0.00015485905930997363
TLN1	0.00015464867324521225
RTN4	0.00015448749721494473
AKAP9	0.00015354214417298586
GABBR2	0.00015325076983766064
KLRC3-2	0.00015304774542058722
RAD51D	0.00015211768130777165
HNF1A	0.00015143569906569664
TRIM21	0.0001512213098652161
PSMB9	0.0001512213098652161
XRCC2	0.00015102260347604003
ATRX	0.00015076653078537685
SIN3A	0.0001505911845111271
ZSCAN18	0.00014994221095032236
RAD21	0.00014926823913735893
PIKFYVE	0.00014882322471734268
MTMR4	0.00014882322471734268
CCL20	0.00014850307807923394
SFTPA1	0.00014830464440887474
ENPP1	0.00014808579336859397
CDC25A	0.0001480426002094345
SMURF2	0.00014719749244290024
FLG	0.00014648542408084357
CASP14	0.00014648542408084357
IVL	0.00014648542408084357
FLG2	0.00014648542408084357
LYN	0.00014590178595739155
GPX7	0.00014544795260945388
GPX8	0.00014544795260945388
TONSL	0.0001454286123748679
GABRB1	0.00014539332468098298
OXSR1	0.00014517026360530395
MCM2	0.00014440293626395107
MCM6	0.00014440293626395104
CAV1	0.00014404664615344777
GP1BA	0.00014399777407557562
UAP1	0.00014384210445613516
SLC12A3	0.0001436512482863857
PTPRE	0.000143517088919732
HSPA14	0.00014349681213727714
ETF1	0.00014340819049912958
STAT2	0.00014333019045295673
H2BC21	0.00014300833650636246
INPP5A	0.00014227841068214223
CXCL5	0.00014199544378111408
ASPM	0.00014177890073196683
KIF18A	0.00014177890073196683
KIF11	0.00014177890073196683
RACGAP1	0.00014177890073196683
KIF15	0.00014177890073196683
CENPE	0.00014177890073196683
DEPDC1	0.000141710842181921
GCLM	0.00014164934785874394
FTO	0.00014148650249458126
OMG	0.00014129954318278128
RTN4R	0.00014129954318278128
LINGO1	0.00014129954318278128
RBPJ	0.00014117848058424275
EP300	0.00014059278027086592
IL17RA	0.00014046870389865636
IL17RB	0.00014046870389865636
JAG1	0.00014018500700673514
KIR2DL4	0.00014005090951583392
PF4	0.0001397895140306863
NRG2	0.00013970375108325107
ERBB4	0.00013970375108325107
ERBB2	0.00013970375108325107
NCOA3	0.0001395530401546128
DPP4	0.0001394678662328187
RNF157	0.0001394678662328187
CDC25C	0.00013931784222472716
ACTA1	0.00013930202000479337
RAD51D-2	0.00013919053381360421
IFI16	0.000139185430310993
EFNB3	0.00013877943274468731
UBL4A	0.00013862920104667852
SCN2A	0.0001378415740920808
UGT1A1	0.00013756547021187215
CCL25	0.00013752785605609014
IKBKE	0.00013741449281053612
H2AX	0.00013720662683024942
WDR5	0.00013684461711211388
PIK3R3	0.00013681898477602925
PIK3CA	0.00013681898477602925
PIK3R1	0.00013681898477602925
PIK3CD	0.00013681898477602925
PIK3R2	0.00013681898477602925
EPCAM	0.0001367772994543197
DDAH2	0.0001365575436148108
TAC1	0.0001365575436148108
CRK	0.00013653571351895398
PDX1	0.00013651338265038683
STEAP1	0.00013637356592967014
LY6E	0.00013637356592967014
MUC6	0.00013637356592967014
PAXIP1	0.00013636784593191746
BUB1B	0.00013611420326747426
MAD2L1	0.00013611420326747426
CDC20	0.00013611420326747426
ACVR2A	0.00013595943535280432
SMAD2	0.00013595943535280432
ACVR2B	0.00013595943535280432
ACVR1C	0.00013595943535280432
SNCA	0.00013590057415368615
PRKN	0.00013590057415368615
BOP1	0.00013543500923302992
GABRG1	0.00013517073295866
TOPBP1	0.00013456819760929316
KAT5	0.00013425953811048197
BRD8	0.00013425953811048197
TRRAP	0.00013425953811048197
MRGBP	0.00013425953811048197
DMAP1	0.00013425953811048197
YEATS4	0.00013425953811048197
HFM1	0.0001342250072905387
PDGFB	0.00013414226611716595
PDGFA	0.00013414226611716595
IGF1	0.00013414226611716595
PDGFD	0.00013414226611716595
ZNF446	0.00013397920211570115
SLC39A1	0.0001337859543926894
SLC30A6	0.0001337859543926894
SLC30A9	0.0001337859543926894
TEX101	0.00013370724999189388
XCL1	0.00013353488185040483
DHDH	0.00013350415519459548
PA2G4	0.00013337173203644735
CCL19	0.00013332193690924216
PPFIA1	0.00013298417186832233
MAML1	0.00013277877695395339
TYRP1	0.00013265915841226253
TYR	0.00013265915841226253
BABAM2	0.0001325395207789715
BRCC3	0.0001325395207789715
DLL1	0.00013250385164185783
HACD3	0.00013236316494247331
TECR	0.00013236316494247331
HACD4	0.00013236316494247331
HACD1	0.00013236316494247331
HSD17B12	0.00013236316494247331
HACD2	0.00013236316494247331
RPE65	0.0001323553420858114
RDH12	0.0001323553420858114
GUCY2D	0.0001323553420858114
AIPL1	0.0001323553420858114
IL17RE	0.00013232848151220898
IL17RD	0.00013232848151220895
CXCL3	0.0001323064458504367
CD160	0.00013220613633847979
PIK3C3	0.00013203543866546148
SLC32A1	0.000131977166822621
SLC17A7	0.000131977166822621
PRKACB	0.00013187671318418202
PRKACA	0.00013187671318418202
SCN2B	0.00013179886006891504
ADSL	0.00013179442612209802
COMT	0.00013156681734325775
GABRA1	0.00013156544505650014
CHRNA10	0.00013139634947853394
PYCR2	0.0001313080450806877
PYCR3	0.00013130804508068767
EFNB2	0.00013124060993814472
GLB1	0.0001312403869620328
MBP	0.0001310635503747329
NTPCR	0.00013097294791187863
INS	0.00013081620910084476
PABPC1	0.00013073571502345956
CASS4	0.00013055623625824811
JUN	0.00013042315554804887
SMAD6	0.00013010889298547987
PAX5	0.00013010160291525863
ENSP00000428055	0.00012984033478956553
ADHFE1	0.00012984033478956553
TRADD	0.0001296005588780855
FADD	0.0001296005588780855
CFLAR	0.0001296005588780855
FASLG	0.0001296005588780855
GABRB2	0.0001295501522623739
SNCAIP	0.00012952461881092882
SLC6A3	0.00012952461881092882
EXO1	0.00012926840075927538
ETNPPL	0.00012912913735920665
AGXT2	0.00012912913735920665
PHYKPL	0.00012912913735920665
GC	0.00012907336683968957
HP	0.00012907336683968957
AHSG	0.00012907336683968957
AP2A1	0.0001289055832667566
AP2M1	0.0001289055832667566
SYNRG	0.0001289055832667566
AP2B1	0.0001289055832667566
AP2S1	0.0001289055832667566
ASF1A	0.00012888388787635007
ASF1B	0.00012888388787635007
RAD18	0.0001288594702278371
RIMS1	0.00012885410913775352
UNC13B	0.00012885410913775352
HNRNPA2B1	0.00012884479700722386
BYSL	0.0001286872369410671
NOP14	0.0001286872369410671
KRR1	0.0001286872369410671
UGT2B7	0.0001286584273703888
UGT2B10	0.0001286584273703888
VAMP2	0.00012860623445263105
EIF2AK2	0.00012859980190494988
RPL23	0.00012825006808801185
FAU	0.00012825006808801185
RPS11	0.00012825006808801185
RPL11	0.00012825006808801185
RPS18	0.00012825006808801185
RPL8	0.00012825006808801185
RPL35	0.00012825006808801185
SFTPD	0.0001282060827941116
ERBB3	0.00012813710327424252
BTC	0.00012813710327424252
NRG4	0.00012813710327424252
NRG3	0.00012813710327424252
POLR2C	0.0001281303995577519
SUPT16H	0.0001281303995577519
SUPT4H1	0.0001281303995577519
POLR2B	0.0001281303995577519
POLR2E	0.0001281303995577519
KCNJ1	0.00012809071073935808
GP9	0.0001280887805047328
RAD17	0.0001279205409352741
ATAD5	0.0001279205409352741
CHTF18	0.0001279205409352741
RFC5	0.0001279205409352741
RFC2	0.0001279205409352741
RFC4	0.0001279205409352741
ARSA	0.00012783418465304132
POMC	0.00012783402072440132
PIK3CG	0.00012778257943830404
CCL27	0.00012778128240365592
NOP58	0.00012761579352266184
GLA	0.00012756462924401991
GALC	0.00012756462924401991
GTF2E2	0.00012749873426175196
GTF2H1	0.00012749873426175196
ERCC2	0.00012749873426175196
CDK7	0.00012749873426175196
GTF2H2C	0.00012749873426175196
GTF2E1	0.00012749873426175196
MNAT1	0.00012749873426175196
GTF2H3	0.00012749873426175196
GTF2H2	0.00012749873426175196
CALM3	0.00012741145726417438
USP7	0.00012741025389817852
UBB	0.00012741025389817852
ITGAV	0.00012736992001841785
GGT6	0.00012731083533463387
GGT5	0.00012731083533463387
GGCT	0.00012731083533463387
GGT7	0.00012731083533463387
GGT1	0.00012731083533463387
ITPK1	0.000127286245520945
ITGA2B	0.0001272674255601843
BATF	0.00012722653323052978
RSPH9	0.00012715155326438482
RSPH4A	0.00012715155326438482
CCDC39	0.00012715155326438482
DNAI1	0.00012715155326438482
DNAI2	0.00012715155326438482
DNAAF1	0.00012715155326438482
CCDC40	0.00012715155326438482
LPIN3	0.00012707565453095874
PLPP5	0.00012707565453095874
LPIN1	0.00012707565453095871
PLPP2	0.00012707565453095871
PLPP4	0.00012707565453095871
PLPP3	0.00012707565453095871
LRP6	0.00012700714428446288
LRP5	0.00012700714428446288
SCN1A	0.00012684083673009943
TLN2	0.00012678119931526082
BCL6	0.0001267028430816575
MRPL37	0.0001266766244908095
MRPS7	0.0001266766244908095
MRPS22	0.0001266766244908095
MRPS27	0.0001266766244908095
MRPL55	0.0001266766244908095
MRPL23	0.0001266766244908095
MRPS18A	0.0001266766244908095
MRPL41	0.0001266766244908095
VANGL1	0.00012651847309615334
POLE3	0.00012645209615750895
CCL17	0.0001264124602251362
SLC18A2	0.0001263488683855393
GET4	0.00012627054466636715
GET3	0.00012627054466636715
NGEF	0.00012620006579333682
APOA1	0.00012608091297563253
APOC3	0.00012608091297563253
APOA4	0.00012608091297563253
APOA2	0.00012608091297563253
APOC2	0.00012608091297563253
APOC1	0.00012608091297563253
APOE	0.00012608091297563253
APOA5	0.00012608091297563253
ITGA8	0.00012560166345529125
ITGB6	0.00012560166345529125
TPP1	0.00012558245949320334
IL25	0.00012551692177626065
MAML2	0.00012550423001757305
MAML3	0.00012550423001757305
SNTG1	0.00012547602437941961
DMD	0.00012547602437941961
SNTA1	0.00012547602437941961
SNTB2	0.00012547602437941961
UTRN	0.00012547602437941961
SNTG2	0.00012547602437941961
DAG1	0.00012547602437941961
SNTB1	0.00012547602437941961
H2BC13	0.00012540603360309012
H2BC1	0.00012540603360309012
TGFBR2	0.0001253435340844949
POLR2L	0.0001253186443342678
TWISTNB	0.0001253186443342678
POLR1B	0.0001253186443342678
POLR1E	0.0001253186443342678
POLR2H	0.0001253186443342678
POLR1A	0.0001253186443342678
CD3EAP	0.0001253186443342678
POLR1D	0.0001253186443342678
AARS1	0.00012525383472444996
VARS1	0.00012525383472444996
YARS1	0.00012525383472444994
COPS7B	0.00012525383472444994
KARS1	0.00012525383472444994
GPS1	0.00012525383472444994
COPS3	0.00012525383472444994
PARS2	0.00012525383472444994
EPRS1	0.00012525383472444994
COPS8	0.00012525383472444994
AARS2	0.00012525383472444994
COPS6	0.00012525383472444994
RBX1	0.00012525383472444994
COPS5	0.00012525383472444994
RARS2	0.00012525383472444994
COPS4	0.00012525383472444994
TNF	0.0001251455411304251
CASP10	0.0001251455411304251
ALDH4A1	0.00012492589208622744
PLA2G4A	0.00012487922203048988
PLAAT3	0.00012487922203048988
PLA2G2A	0.00012487922203048985
EIF6	0.00012484237545796025
GTPBP4	0.00012484237545796025
PES1	0.00012484237545796025
TNFRSF10B	0.0001248042795226156
CASP3	0.0001248042795226156
SLC39A14	0.00012479384947497135
RPP25	0.00012477472997041747
RPP38	0.00012477472997041747
POP4	0.00012477472997041747
POP5	0.00012477472997041747
PRORP	0.00012477472997041747
POP7	0.00012477472997041747
RPP14	0.00012477472997041747
RPP40	0.00012477472997041747
CD2AP	0.00012448055712084563
DAD1	0.000124470998257406
STX5	0.000124470998257406
COX8A	0.000124470998257406
COX5B	0.000124470998257406
COX5A	0.000124470998257406
DDOST	0.000124470998257406
MT-CO2	0.000124470998257406
COX7B	0.000124470998257406
YKT6	0.000124470998257406
STX10	0.000124470998257406
COX6A1	0.000124470998257406
COX6B1	0.000124470998257406
COX4I1	0.000124470998257406
TMEM258	0.000124470998257406
NDUFA4	0.000124470998257406
COX7C	0.000124470998257406
SEPTIN11	0.00012447099825740597
VAMP3	0.00012447099825740597
ARPC5	0.00012447099825740597
STT3B	0.00012447099825740597
SEPTIN2	0.00012447099825740597
ARPC5L	0.00012447099825740597
STX6	0.00012447099825740597
STX8	0.00012447099825740597
SEPTIN8	0.00012447099825740597
WASL	0.00012447099825740597
SEPTIN12	0.00012447099825740597
TUSC3	0.00012447099825740597
STX7	0.00012447099825740597
ACTR3	0.00012447099825740597
ARPC4	0.00012447099825740597
ARPC2	0.00012447099825740597
SEPTIN9	0.00012447099825740597
SEPTIN6	0.00012447099825740597
OST4	0.00012447099825740597
SEPTIN3	0.00012447099825740597
ACTR3B	0.00012447099825740597
STX12	0.00012447099825740597
ARPC1A	0.00012447099825740597
OSTC	0.00012447099825740597
SEPTIN5	0.00012447099825740597
VAMP4	0.00012447099825740597
SEPTIN10	0.00012447099825740597
SEPTIN4	0.00012447099825740597
ARPC3	0.00012447099825740597
MAGT1	0.00012447099825740597
WAS	0.00012447099825740597
RPN1	0.00012447099825740597
RPN2	0.00012447099825740597
STX16	0.00012447099825740597
PLXNA4	0.0001244624205574486
TREM2	0.0001244624205574486
TYROBP	0.0001244624205574486
PLXNA3	0.0001244624205574486
CTNND1	0.0001244545733320867
RTN4RL2	0.00012434360182029324
GNAI1	0.00012428999320340494
GNG2	0.00012428999320340494
KCNJ5	0.00012428999320340494
KCNJ9	0.00012428999320340494
KCNJ3	0.00012428999320340494
KCNJ6	0.00012428999320340494
GNB1	0.00012428999320340494
EFNA4	0.00012426545069421955
CDK2	0.00012417463285675673
SLC45A2	0.00012417176917673388
OCA2	0.00012417176917673388
PRODH	0.00012413590670718453
LOC102724788	0.00012413590670718453
UIMC1	0.00012406293064863648
NAT2	0.0001240420220410141
UTP25	0.00012393697205467167
UTP6	0.00012393697205467167
DHX15	0.0001239247564158063
ESF1	0.0001239247564158063
AP4E1	0.00012372808047260558
SCNN1A	0.00012352703188975542
PDGFRB	0.00012344897581390647
SYP	0.0001234206112257648
HNRNPH1	0.00012317348030513244
HNRNPK	0.00012317348030513244
RRP9	0.00012314150880706487
SNRNP40	0.00012314150880706487
MPHOSPH10	0.00012314150880706487
SPO11	0.00012309013018074914
SYN1	0.00012298755038235966
GABRD	0.00012292329288561527
DNAAF2	0.00012278071967096422
CCDC114	0.00012278071967096422
MAD2L2	0.00012277819439801525
PKM	0.00012275196547631198
PKLR	0.00012275196547631198
SMAD4	0.00012254013222797995
POLR2D	0.00012238514793164222
POLR2G	0.00012238514793164222
CCDC6	0.00012236339972456747
SLC34A2	0.00012236339972456747
SPG11	0.00012233623516880545
SPG21	0.00012233623516880545
FN1	0.00012225454177635663
H2AC8	0.00012224244747598473
MED27	0.00012222886084528955
MED30	0.00012222886084528955
MED4	0.00012222886084528955
MED17	0.00012222886084528955
MED8	0.00012222886084528955
DICER1	0.00012219959501581722
TPM3	0.00012217777284755918
MSH3	0.00012212539335307583
POLD1	0.0001221253933530758
CCL7	0.00012212256018976654
GABRA5	0.00012204582454357189
ANPEP	0.00012197281559290554
HDAC1	0.00012194640265259416
CHPT1	0.00012194527096156946
CEPT1	0.00012194527096156946
SELENOI	0.00012194527096156946
MRPS35	0.00012187129031514349
MRPS10	0.00012187129031514349
MRPS5	0.00012187129031514349
MRPS15	0.00012187129031514349
MRPL46	0.00012187129031514349
F8	0.00012183272667002527
GPR37L1	0.00012176729599371454
PSAP	0.00012176729599371454
CXCL8	0.00012176729599371454
SSTR1	0.00012176729599371454
PIK3R5	0.00012172186260855348
ABRAXAS2	0.00012171687587144736
SMURF1	0.00012167571120096817
TGFB1	0.00012167571120096817
CNP	0.00012125921444805366
PLP1	0.00012125921444805366
MOBP	0.00012125921444805366
CCL22	0.00012116820849639654
SSRP1	0.00012115085390417552
SCN10A	0.00012111165636774481
SLC17A6	0.00012109307375064543
SCN4A	0.00012107558523572735
SELP	0.00012101917902273869
GP6	0.00012101917902273869
LARS1	0.00012094823415570825
DARS2	0.00012094823415570825
COPS7A	0.00012094823415570822
CUL2	0.00012094823415570822
SCN5A	0.00012071413905194565
SCN8A	0.00012069472463450143
SCN9A	0.00012065865350248396
SLC18A3	0.00012064553308835198
RIPK3	0.00012064413836506727
PRKACG	0.00012061894440875343
AKAP6	0.00012061894440875343
ALDH7A1	0.00012061894440875343
LCA5	0.00012054422545050264
LRAT	0.00012054422545050264
RPGRIP1	0.00012054422545050264
SPATA7	0.00012054422545050264
ORM1	0.00012037930590320393
HPX	0.00012037930590320391
FZD2	0.00012018154328955147
FZD5	0.00012018154328955147
UGT8	0.00012017060427845704
H2BC17	0.00011984284167595229
RRP36	0.00011979393120213866
MELK	0.00011977789141002978
TPX2	0.00011977789141002978
KIF20A	0.00011977789141002978
CALML3	0.0001197679038968996
CALML6	0.0001197679038968996
CALML5	0.0001197679038968996
CALML4	0.0001197679038968996
ONECUT1	0.00011965306561850582
GCK	0.00011965306561850582
SDC1	0.00011948257488991148
DDX10	0.00011945732246205148
DDX49	0.00011945732246205148
IL17F	0.0001194399215920204
FOS	0.00011938795962827966
SP1	0.00011938795962827966
CLTC	0.00011937737405679608
RPL21	0.00011933742859875204
CHRAC1	0.00011929740448332964
ZCWPW1	0.00011923527798121168
SLC24A4	0.00011923527798121168
P4HA2	0.00011904475984822191
AP1S2	0.00011891633570425369
AP5M1	0.00011891633570425369
TP73	0.00011871668851688454
NMD3	0.00011871361560949467
ABCA3	0.00011868815407462623
EFNA3	0.00011864085791700178
SMS	0.00011859616046540201
SRM	0.00011859616046540201
KCNE3	0.00011859415392578567
HNF4A	0.00011854614230303398
HSPG2	0.00011852854928947092
IMPAD1	0.00011845123834984992
IMPA1	0.00011845123834984992
IMPA2	0.00011845123834984992
CHTF8	0.00011843429857113686
PCNA	0.00011843429857113686
DSCC1	0.00011843429857113686
RFC1	0.00011843429857113686
GSPT2	0.00011841447985527232
SMG1	0.00011841447985527232
ITGA9	0.00011840872673553928
YTHDF1	0.00011835795204260913
YTHDC1	0.00011835795204260913
AKR1D1	0.00011833569115574064
SRF	0.00011825255491960136
STAT6	0.00011814329510802197
MAPK8	0.00011806537597224366
LCK	0.0001179312638442685
FLT3	0.0001179312638442685
FLT3LG	0.0001179312638442685
NRIP1	0.00011788846441539505
FLT1	0.00011769598330538783
FLT4	0.00011769598330538783
FIG4	0.00011763986659358791
PDGFRA	0.00011763592556106564
ALDH18A1	0.0001176226467718457
FRAT1	0.00011748160629554937
ABRAXAS1	0.00011742292411502498
EFNA5	0.00011731067652008682
EFNA2	0.00011731067652008682
EFNA1	0.00011731067652008682
ITGB2	0.00011722957884424748
MATR3-2	0.00011722504431663367
FAF2	0.00011713880485640651
ACVR1	0.00011709838367347469
MSTN	0.00011709838367347469
GSR	0.00011705077507463078
PRDX6	0.00011705077507463078
GPX4	0.00011705077507463078
PPFIA3	0.0001168584931914869
OPLAH	0.00011684712892997205
FGFR4	0.00011680257640668535
SLC39A10	0.00011679080681337002
SLC39A6	0.00011679080681337002
CST6	0.00011671472105082004
GP1BB	0.00011668479984644224
IFNG	0.00011660200736827997
IL10	0.00011660200736827997
HNRNPA1	0.00011644711615996493
HNRNPM	0.00011644711615996493
CIITA	0.00011639919792272813
RNF126	0.00011638849662535523
SGTA	0.00011638849662535523
AKR1C4	0.00011637372101537796
HSD3B7	0.00011637372101537796
GALNS	0.0001163218061023555
RIN1	0.00011618732672566038
RAB5B	0.00011618732672566038
RAB5A	0.00011618732672566038
OR13G1	0.00011612200281960482
PALLD	0.00011612200281960482
TAS2R50	0.00011612200281960482
EFNB1	0.00011591295256583598
ANK3	0.00011569331833320152
CCL2	0.00011556706676767669
GABRA6	0.00011541896516681325
SLC18A1	0.0001152317353767164
AK3	0.00011515469238304318
ENTPD2	0.00011513539535331095
PLA2G6	0.00011510606423303197
PLA2G10	0.00011510606423303197
SCN3A	0.00011491005872268512
PF4V1	0.00011486404638731253
ILVBL	0.00011485868639368265
SORD	0.00011485868639368265
HSDL2	0.00011485868639368265
CLTA	0.00011480935529301734
ECHS1	0.00011479316550567001
EHHADH	0.00011479316550567001
HIBADH	0.00011479316550566998
DLL4	0.00011458330437100821
NOC2L	0.00011445244837341155
NIPBL	0.00011428224228190449
SMC3	0.00011428224228190449
STAG2	0.00011428224228190449
IMPDH2	0.00011421990569802202
GMPR	0.00011421990569802202
ALOX15	0.00011388637597316635
ALOX5	0.00011388637597316635
ALOX15B	0.00011388637597316635
CDS2	0.00011381558623004675
CSNK1A1	0.0001136315924560924
PLEC	0.00011340533252277027
JAK1	0.00011339044245038687
IL17B	0.00011330065453303209
KCNJ2	0.0001131336629105496
CDCA5	0.00011302077202993336
WAPL	0.00011302077202993336
PDS5A	0.00011302077202993335
STAG1	0.00011302077202993335
SMC1A	0.00011302077202993335
INPP5K	0.000113010052678239
INPP5J	0.000113010052678239
JUP	0.00011298647844925284
PRODH2	0.0001129346642839831
RPS23	0.00011292579289265765
PRPH2	0.00011261368430019926
PDE6B	0.00011261368430019926
RBMX	0.00011255460931619945
GAL3ST1	0.00011254802810501309
CDIPT	0.00011220756961864546
INPP5F	0.00011220756961864546
PLXNA2	0.00011201617315691754
NRCAM	0.00011201617315691754
KCNE2	0.0001119429013986932
KCNE1	0.0001119429013986932
TGFB1I1	0.00011182523970873712
MET	0.00011149054595389348
CDH5	0.00011149054595389348
PRDM1	0.00011141289967567609
NEUROD1	0.0001113669583684798
PTF1A	0.0001113669583684798
CYP2C8	0.00011132650969309537
CYP2J2	0.00011132650969309537
CYP2C9	0.00011132650969309537
GOPC	0.00011125211166091806
AGRP	0.00011112558906135287
CREB1	0.0001109118800278957
HNRNPD	0.00011087026547117456
H3-4	0.00011071393833155916
FASN	0.00011068508864555032
ELOVL6	0.00011068508864555032
MMS19	0.00011059969952694867
CIAO2B	0.00011059969952694867
EEF1A1	0.00011057989286713792
GABRA4	0.00011048526098924665
HHEX	0.00011045388185514023
CDKAL1	0.00011045388185514023
GABRA3	0.0001104476552805791
EZH2	0.00011028472896997381
CCL3	0.00011021794039957595
IWS1	0.0001101931712775435
HCRT	0.00010996539456885446
SCGB1A1	0.00010989091993693908
AGER	0.00010989091993693908
SFTPA2	0.00010989091993693908
SLC39A7	0.00010978335848692675
ACPP	0.00010961001714929417
RBP4	0.0001094241522364096
EML4	0.00010925658680173577
FZD6	0.00010925593018789426
FZD8	0.00010925593018789426
RELT	0.00010909992017308764
LGR5	0.00010909992017308764
UMOD	0.0001090098403136105
PKHD1	0.0001090098403136105
STK19	0.00010897406981269674
CYP21A2	0.00010897406981269674
TMC8	0.0001089203632336274
TMC6	0.0001089203632336274
PIP4P1	0.00010867436422953923
PIP4P2	0.00010867436422953923
IL17C	0.00010859377175029104
SLC12A1	0.00010848096398538939
SHMT2	0.00010839786666470497
DLL3	0.00010835264965295201
DENND1A	0.0001083501231514326
DSG1	0.0001082635677812775
DSC1	0.0001082635677812775
PKP1	0.00010801177036524492
WNK2	0.00010797808094838973
CTSA	0.0001078674828201697
MAD2L1BP	0.00010780010203089411
GSTM1	0.00010765818082387701
TDGF1	0.00010752360917608732
INHBA	0.00010752360917608732
PHLDB2	0.00010750415955054204
C1orf146	0.0001073287094212116
MAP3K5	0.00010720112214509029
MECP2	0.00010715028434168468
TRIM40	0.00010706737974657426
DAAM1	0.00010705406630813598
VANGL2	0.00010705406630813598
BIN1	0.00010694650213275302
OTOF	0.00010671803259306334
RXRA	0.00010662410597315614
SFN	0.00010653617351042425
PDE4DIP	0.00010614467207740018
ITCH	0.00010603866979245712
UBXN1	0.00010601845264574486
CELF1	0.00010591301699553394
TRAF3IP2	0.0001059111436871465
LGMN	0.0001057266041081493
CSNK1D	0.00010510011795509305
MYD88	0.0001047052606390852
HSF1	0.00010425544843447222
DCN	0.00010391954629388236
TNS1	0.0001039113143854032
IFIH1	0.00010369756338543438
YAP1	0.00010356657333182034
NKX2-1	0.00010348061639722648
DEFB103A	0.00010345554760552441
DSG2	0.00010334910918409954
DSC2	0.00010334910918409954
UCHL5	0.0001028193023367949
HDAC2	0.00010272406204228503
ESCO2	0.00010254080331404654
RB1CC1	0.00010249351478536753
ZSCAN1	0.00010230808840319038
H3-5	0.00010217082154224296
SOX2	0.00010192836880663224
ADAMTS13	0.0001018611973757885
RNF5	0.00010181343205013593
SDC4	0.00010158915095547759
TNFRSF1B	0.00010149577315470428
CSF2RA	0.00010138358743286972
MADCAM1	0.00010124469325991397
TEN1	0.00010086123291998077
MRI1	0.00010080672849554129
HDDC2	0.00010080672849554129
SLC12A2	0.00010079551883670587
GABRE	0.00010078700232613985
KLHL3	0.00010071956939563396
IFNGR1	0.00010060177138657264
SQSTM1	0.00010053092754327247
TPK1	0.00010040516015350885
FZD9	0.00010024230606726008
FZD4	0.00010024230606726008
WIF1	0.00010024230606726008
FZD3	0.00010024230606726008
PCF11	0.00010019204040379124
MT1E	0.00010006993871005455
SPIB	0.00010001325335198676
SHLD3	9.985394609555262e-05
GMPR2	9.932165368667347e-05
PNP	9.932165368667347e-05
PERP	9.89156673180012e-05
KRT5	9.89156673180012e-05
H2BC9	9.873827894090583e-05
PCBD1	9.833720124134961e-05
TNKS	9.832959235939862e-05
EVPL	9.828926297622277e-05
PLCB1	9.816998498297496e-05
CCDC59	9.791919435506647e-05
RNF111	9.783978190799536e-05
FGF3	9.775073726796457e-05
PTGDR	9.75005231560262e-05
SWI5	9.717098088553066e-05
NUMBL	9.705974514130714e-05
FAN1	9.700585184733368e-05
IRF1	9.676799331969678e-05
IRF9	9.676799331969678e-05
ITGB4	9.63286814258273e-05
GPR156	9.632474436615505e-05
KCNJ11	9.632474436615505e-05
NFE2L2	9.562865867608745e-05
RBM15	9.538266998974373e-05
ARF1	9.484047798410896e-05
H2BC5	9.479910877859048e-05
MAP2K1	9.476668453211442e-05
HJURP	9.470395759837033e-05
ANKS1A	9.467644440309111e-05
DAB2	9.467644440309111e-05
RASAL2	9.467644440309111e-05
CGN	9.467644440309111e-05
TNS2	9.463240026768721e-05
PLCD1	9.463240026768721e-05
RAD1	9.462518462438194e-05
INVS	9.440222577081384e-05
NKD2	9.440222577081384e-05
SDC2	9.434500133385933e-05
THBS1	9.434500133385933e-05
NCR3	9.430456979698973e-05
DESI1	9.430456979698973e-05
HAVCR2	9.430456979698973e-05
H2AC4	9.42577826960144e-05
H3C10	9.42577826960144e-05
H3C8	9.42577826960144e-05
H3C7	9.42577826960144e-05
PLIN1	9.421874134006679e-05
CRNN	9.405513129657739e-05
SBSN	9.405513129657739e-05
SAMHD1	9.405257768581661e-05
ADA	9.405257768581661e-05
SLX4	9.40097410339366e-05
PKP2	9.380973214605318e-05
PORCN	9.378212717677365e-05
PSMD8	9.359207736704419e-05
PSMD7	9.359207736704419e-05
PSMC1	9.359207736704419e-05
PSMD11	9.359207736704419e-05
PSMA3	9.359207736704419e-05
PSMC4	9.359207736704419e-05
PSMA2	9.359207736704419e-05
PSMB1	9.359207736704419e-05
PSMB7	9.359207736704419e-05
PSMA6	9.359207736704419e-05
RETREG1	9.35370072839501e-05
IGF2	9.334478490475658e-05
HMGA2	9.334478490475658e-05
MAP2K4	9.322844257136249e-05
LPXN	9.314880279747082e-05
GABPB1	9.307551798893103e-05
MAP2K7	9.296037286519845e-05
ARRB2	9.295700270318617e-05
RAB31	9.294985302722243e-05
RCOR1	9.289392883304723e-05
FGFBP1	9.284500428493268e-05
PIP	9.282900751595796e-05
CNTN2	9.263562881772335e-05
LAMP1	9.258132627214147e-05
DTNBP1	9.253856743940655e-05
PPP1R21	9.253856743940655e-05
SC5D	9.249729091605583e-05
CYC1	9.248725434494747e-05
TNKS2	9.237156139677146e-05
H3-2	9.231646256744908e-05
CRBN	9.225195281061479e-05
HTR7	9.220247955199274e-05
PHF12	9.212880521685192e-05
HMGA1	9.185900937685012e-05
GPANK1	9.172585364346622e-05
H2BC14	9.113665562733534e-05
H2BC12	9.079469087806343e-05
ASXL1	9.011720812652439e-05
NUDT12	8.789965970403003e-05
H2BC11	8.729817325046437e-05
FGF17	8.712165375853748e-05
XPR1	8.687099141395278e-05
MAP2K2	8.625641307022478e-05
EIF2S2	8.624534089511849e-05
CREBBP	8.610232850675955e-05
PIAS1	8.610232850675955e-05
KPNA1	8.106400635803643e-05
CDC7	8.103549331738061e-05
RUVBL2	8.087359026487342e-05
NPM1	8.054012468908668e-05
FGF18	7.979035013917324e-05
DNAJB1	7.852026965285349e-05
HSP90AB1	7.852026965285347e-05
STIP1	7.852026965285347e-05
STAC	7.619659131919974e-05
BAG1	7.512689352253984e-05
FGF22	7.413065017919715e-05
FGF8	7.413065017919715e-05
BAG3	7.221500037678638e-05
HSPBP1	7.221500037678638e-05
USP28	7.014847127577019e-05
GPBAR1	6.962245118936657e-05
KCNQ2	6.884528699080401e-05
TEP1	6.723474227800562e-05
F6UB75_HUMAN	6.717090761211236e-05
FGF4	6.679934655983291e-05
FGF9	6.679934655983291e-05
FGF10	6.679934655983291e-05
CXXC5	6.494843868521378e-05
EBF1	6.494843868521378e-05
CXXC4	6.494843868521378e-05
FKBP4	6.489513020671038e-05
FANCD2	6.42816776918047e-05
BRIP1	6.42816776918047e-05
SEM1	6.187111551194047e-05
GAPDH	5.948705307461105e-05
CYP2A7	5.8900170650172916e-05
SMARCA4	5.827398094269826e-05
INS-IGF2	5.7475222511763654e-05
ENSP00000495715	4.9626246781568646e-05
SULT1E1	4.742977183735588e-05
CENPA	4.7278494242755396e-05
H2AC21	4.715525931498454e-05
BCCIP	4.051687890128827e-05
RFXAP	3.6916846216170795e-05
NFYA	3.670093025385779e-05
H2AC20	3.578610046971773e-05
NFYC	3.3931859522715735e-05
H1-1	2.5903056314388946e-05
H1-5	2.4566697183278216e-05
RFX1	2.26354736343317e-05
SHQ1	2.1834111416847307e-05
CTCFL	2.1527006209086087e-05
NFYB	1.975657676582974e-05
FBL	1.884528107432972e-05
FBLL1	1.884528107432972e-05
NOP56	1.884528107432972e-05
CCNE1	1.827758784721901e-05
RNF20	1.827371131332829e-05
BRD4	1.787413493975017e-05
CCNA2	1.726079392900839e-05
H1-4	1.4046514375646845e-05
FGFR1OP2	1.390678962575697e-05
H4C3	1.3477425754582414e-05
H4C13	1.3477425754582414e-05
H4C2	1.3477425754582414e-05
H2AC7	1.3234403423245709e-05
KDM4A	1.3035609993636074e-05
MYO18A	1.3020321647331718e-05
CNTRL	1.1977320368699016e-05
PPP2CA	8.366092296050996e-06
CEP350	8.335823922725699e-06
H1-3	8.044613647441198e-06
PPP2CB	7.977424530511939e-06
PPP2R3C	7.977424530511939e-06
CEP19	6.751680860566087e-06
TFR2	5.799867725846259e-06
HJV	5.799867725846259e-06
HFE	5.799867725846259e-06
TFRC	5.747128082006919e-06
PTGDS	5.735317559013332e-06
HPGDS	5.735317559013332e-06
CBX3	5.412389084641613e-06
PTGDR2	4.87502046165863e-06
NAIP	3.491975681892622e-06
H1-7	1.7733080653088e-06
H1-8	1.7733080653088e-06
CHD8	9.225793083640151e-07
PRMT7	9.225793083640151e-07
HAMP	8.84546409645645e-07
CYBRD1	8.471003188234994e-07
TMPRSS6	8.099462301870311e-07
SLC11A2	8.094680582948783e-07
SLC40A1	8.094680582948782e-07
BMP6	5.861609683556893e-07
RBMY1J	0.0
PRR3	0.0
